Workbook

Sheet T
A1: 1 | B1: 10 | C1: =SUM(A1) -> 1
A2: 2 | B2: 20 | C2: =A2*B2 -> 40
A3: 3 | B3: 30 | C3: =SUM(A1:A3) -> 6
A4: 4 | B4: 40 | C4: =A4*B4 -> 160
A5: 5 | B5: 50 | C5: =SUM(A3:A5) -> 12 | D5: =A5*B5 -> 250
A6: 6 | B6: 60 | C6: =A6*B6 -> 360
A7: 7 | B7: 70 | C7: =SUM(A5:A7) -> 18
A8: 8 | B8: 80 | C8: =A8*B8 -> 640
A9: 9 | B9: 90 | C9: =SUM(A7:A9) -> 24
A10: 10 | B10: 100 | C10: =A10*B10 -> 1000

Sheet U
A1: 101 | B1: 110
A2: 102 | B2: 120
A3: 103 | B3: 130
A4: 104 | B4: 140
A5: 105 | B5: 150
A6: 106 | B6: 160
A7: 107 | B7: 170
A8: 108 | B8: 180
A9: 109 | B9: 190
A10: 110 | B10: 200

Sheet V
A1: 1001 | B1: 1010
A2: 1002 | B2: 1020
A3: 1003 | B3: 1030
A4: 1004 | B4: 1040
A5: 1005 | B5: 1050
A6: 1006 | B6: 1060
A7: 1007 | B7: 1070
A8: 1008 | B8: 1080
A9: 1009 | B9: 1090
A10: 1010 | B10: 1100

Sheet F
A1: =T!A2 -> 2
A2: =T!A4 -> 4
A3: =T!A5 -> 5
A4: =T!A6 -> 6
A5: =SUM(T!A2:A3) -> 5
A6: =SUM(T!A2:A4) -> 9
A7: =SUM(T!A4:A5) -> 9
A8: =SUM(T!A4:A8) -> 30
A9: =SUM(T!A2:A8) -> 35
A10: =SUM(T!A5:A6) -> 11
A11: =SUM(T!A:A) -> 55
A12: =SUM(T!4:5) -> 521
A13: =SUM(T!3:6) -> 986
A14: =SUM(T!1:3) -> 113
A15: =T!$A$6 -> 6
A16: =SUM(T!A6:B7) -> 143
A17: =NameOne+1 -> 7
A18: =NameTwo -> #VALUE!
A19: =SUM(T!B2:D2) -> 60
A20: =SUM(T!C1:C10) -> 2261
A21: =SUM(T!B:C) -> 2811
A22: =SUM(T:V!A2:A4) -> 3327
A23: =SUM(T:V!A1) -> 1103
A24: =SUM(T:V!A4:A5) -> 2227
A25: =SUM(T:V!A6:A8) -> 3363
A26: =SUM(T:V!B2:D2) -> 1200
A27: =SUM(U:V!A2:A6) -> 5540
A28: =SUM(T:U!A3:A9) -> 784
A29: =SUM(T:V!A4:B4) -> 2332
A30: =SUM(T:V!B1:B10) -> 12650
